<?xml version="1.0" encoding="utf-8"?>
<databaseChangeLog
    xmlns="http://www.liquibase.org/xml/ns/dbchangelog"
    xmlns:ext="http://www.liquibase.org/xml/ns/dbchangelog-ext"
    xmlns:xsi="http://www.w3.org/2001/XMLSchema-instance"
    xsi:schemaLocation="http://www.liquibase.org/xml/ns/dbchangelog http://www.liquibase.org/xml/ns/dbchangelog/dbchangelog-3.8.xsd
                        http://www.liquibase.org/xml/ns/dbchangelog-ext http://www.liquibase.org/xml/ns/dbchangelog/dbchangelog-ext.xsd">

        <property name="autoIncrement" value="true"/>

    <!--
        Added the entity Investment.
    -->
    <changeSet id="20200812024300-1" author="jhipster">
        <createTable tableName="investment" remarks="The investment Entity.">
            <column name="id" type="bigint" autoIncrement="${autoIncrement}">
                <constraints primaryKey="true" nullable="false"/>
            </column>
            <column name="nature" type="varchar(1)">
                <constraints nullable="false" />
            </column>
            <column name="date_creation" type="datetime">
                <constraints nullable="true" />
            </column>
            <column name="value_us" type="decimal(21,2)">
                <constraints nullable="true" />
            </column>
            <column name="value_dollar" type="decimal(21,2)">
                <constraints nullable="true" />
            </column>
            <column name="addresswallet" type="varchar(255)">
                <constraints nullable="false" />
            </column>
            <column name="deposit_eth" type="decimal(21,2)">
                <constraints nullable="true" />
            </column>
            <column name="bonus_eth" type="decimal(21,2)">
                <constraints nullable="true" />
            </column>
            <column name="idchild" type="bigint">
                <constraints nullable="true" />
            </column>
            <column name="profit_eth" type="decimal(21,2)">
                <constraints nullable="true" />
            </column>
            <column name="consolidationvalue_eth" type="decimal(21,2)">
                <constraints nullable="true" />
            </column>
            <column name="refidchild" type="bigint">
                <constraints nullable="true" />
            </column>
            <column name="investorid_id" type="bigint">
                <constraints nullable="true" />
            </column>
            <!-- jhipster-needle-liquibase-add-column - JHipster will add columns here, do not remove-->
        </createTable>
        <dropDefaultValue tableName="investment" columnName="date_creation" columnDataType="datetime"/>
    </changeSet>

    <changeSet id="20200812024300-1-relations" author="jhipster">

    </changeSet>
    <!-- jhipster-needle-liquibase-add-changeset - JHipster will add changesets here, do not remove-->

    <!--
        Load sample data generated with Faker.js
        - This data can be easily edited using a CSV editor (or even MS Excel) and
          is located in the 'src/main/resources/config/liquibase/fake-data' directory
        - By default this data is applied when running with the JHipster 'dev' profile.
          This can be customized by adding or removing 'faker' in the 'spring.liquibase.contexts'
          Spring Boot configuration key.
    -->
    <changeSet id="20200812024300-1-data" author="jhipster" context="faker">
        <loadData
                  file="config/liquibase/fake-data/investment.csv"
                  separator=";"
                  tableName="investment">
            <column name="id" type="numeric"/>
            <column name="nature" type="string"/>
            <column name="date_creation" type="datetime"/>
            <column name="value_us" type="numeric"/>
            <column name="value_dollar" type="numeric"/>
            <column name="addresswallet" type="string"/>
            <column name="deposit_eth" type="numeric"/>
            <column name="bonus_eth" type="numeric"/>
            <column name="idchild" type="numeric"/>
            <column name="profit_eth" type="numeric"/>
            <column name="consolidationvalue_eth" type="numeric"/>
            <column name="refidchild" type="numeric"/>
            <!-- jhipster-needle-liquibase-add-loadcolumn - JHipster (and/or extensions) can add load columns here, do not remove-->
        </loadData>
    </changeSet>

</databaseChangeLog>
