id;pais;addresswallet;firstname;lastname;phone_number;fatherid
1;Kids;Team-oriented;overriding payment;Unbranded purple Falkland Islands (Malvinas);empower invoice;78836
2;benchmark;Usability Business-focused Connecticut;Samoa;B2C;Personal Loan Account;76530
3;Pants Keyboard;View Cambridgeshire;Berkshire strategic;superstructure Pakistan system;rich Soft;79914
4;alliance Tuna;AGP client-server;hack Buckinghamshire;Australia Hungary policy;mindshare bandwidth San Marino;7866
5;index;solution;Multi-tiered;digital portal;Cambridgeshire;69890
6;Berkshire initiative Auto Loan Account;Fresh;compress violet De-engineered;District orchestrate Soap;feed Delaware Representative;14597
7;Credit Card Account Garden e-enable;Intelligent web-readiness port;navigating website;Borders pink;port red turn-key;68218
8;dynamic Intranet Mandatory;Bedfordshire Illinois parsing;partnerships Small Steel Pants Cambridgeshire;Qatar China;interactive Small;62104
9;web-enabled Human;Rustic;solid state open architecture channels;Security auxiliary moderator;Crescent withdrawal;69437
10;Massachusetts Saint Helena Pound Sleek;Configuration Liaison;calculating copy Profit-focused;model;Australia content;79262
