{
    "name": "Investment",
    "fields": [
        {
            "fieldName": "nature",
            "fieldType": "String",
            "fieldValidateRules": [
                "required",
                "maxlength"
            ],
            "fieldValidateRulesMaxlength": "1"
        },
        {
            "fieldName": "dateCreation",
            "fieldType": "Instant"
        },
        {
            "fieldName": "valueUs",
            "fieldType": "BigDecimal"
        },
        {
            "fieldName": "valueDollar",
            "fieldType": "BigDecimal"
        },
        {
            "fieldName": "addresswallet",
            "fieldType": "String",
            "fieldValidateRules": [
                "required"
            ]
        },
        {
            "fieldName": "depositEth",
            "fieldType": "BigDecimal"
        },
        {
            "fieldName": "bonusEth",
            "fieldType": "BigDecimal"
        },
        {
            "fieldName": "idchild",
            "fieldType": "Long"
        },
        {
            "fieldName": "profitEth",
            "fieldType": "BigDecimal"
        },
        {
            "fieldName": "consolidationvalueEth",
            "fieldType": "BigDecimal"
        },
        {
            "fieldName": "refidchild",
            "fieldType": "Long"
        }
    ],
    "relationships": [
        {
            "relationshipType": "many-to-one",
            "otherEntityName": "investor",
            "otherEntityRelationshipName": "investment",
            "relationshipName": "investorid",
            "otherEntityField": "id"
        }
    ],
    "changelogDate": "20200812024300",
    "javadoc": "The investment Entity.",
    "entityTableName": "investment",
    "dto": "no",
    "pagination": "no",
    "service": "no",
    "jpaMetamodelFiltering": false,
    "fluentMethods": true,
    "readOnly": false,
    "embedded": false,
    "clientRootFolder": "",
    "applications": "*"
}