{
    "name": "Investor",
    "fields": [
        {
            "fieldName": "pais",
            "fieldType": "String"
        },
        {
            "fieldName": "addresswallet",
            "fieldType": "String"
        },
        {
            "fieldName": "firstname",
            "fieldType": "String"
        },
        {
            "fieldName": "lastname",
            "fieldType": "String"
        },
        {
            "fieldName": "phoneNumber",
            "fieldType": "String"
        },
        {
            "fieldName": "fatherid",
            "fieldType": "Long"
        }
    ],
    "relationships": [
        {
            "relationshipType": "one-to-many",
            "otherEntityName": "investment",
            "otherEntityRelationshipName": "investorid",
            "relationshipName": "investment"
        },
        {
            "relationshipType": "one-to-many",
            "otherEntityName": "summary",
            "otherEntityRelationshipName": "investorid",
            "relationshipName": "summary"
        }
    ],
    "changelogDate": "20200812024200",
    "javadoc": "The investor Entity.",
    "entityTableName": "investor",
    "dto": "no",
    "pagination": "no",
    "service": "no",
    "jpaMetamodelFiltering": false,
    "fluentMethods": true,
    "readOnly": false,
    "embedded": false,
    "clientRootFolder": "",
    "applications": "*"
}