{
    "name": "Summary",
    "fields": [
        {
            "fieldName": "nature",
            "fieldType": "String",
            "fieldValidateRules": [
                "required",
                "maxlength"
            ],
            "fieldValidateRulesMaxlength": "1"
        },
        {
            "fieldName": "dateCreation",
            "fieldType": "Instant"
        },
        {
            "fieldName": "bonusEth",
            "fieldType": "BigDecimal"
        },
        {
            "fieldName": "bonusDollar",
            "fieldType": "BigDecimal"
        },
        {
            "fieldName": "depositEth",
            "fieldType": "BigDecimal"
        },
        {
            "fieldName": "depositDollar",
            "fieldType": "BigDecimal"
        },
        {
            "fieldName": "profitEth",
            "fieldType": "BigDecimal"
        },
        {
            "fieldName": "profitDollar",
            "fieldType": "BigDecimal"
        },
        {
            "fieldName": "withdrawEth",
            "fieldType": "BigDecimal"
        },
        {
            "fieldName": "withdrawDollar",
            "fieldType": "BigDecimal"
        },
        {
            "fieldName": "acccountBalance",
            "fieldType": "BigDecimal"
        }
    ],
    "relationships": [
        {
            "relationshipType": "many-to-one",
            "otherEntityName": "investor",
            "otherEntityRelationshipName": "summary",
            "relationshipName": "investorid",
            "otherEntityField": "id"
        }
    ],
    "changelogDate": "20200812024400",
    "javadoc": "The Summary Entity.",
    "entityTableName": "summary",
    "dto": "no",
    "pagination": "no",
    "service": "no",
    "jpaMetamodelFiltering": false,
    "fluentMethods": true,
    "readOnly": false,
    "embedded": false,
    "clientRootFolder": "",
    "applications": "*"
}